{"cameraMode":{"drawMode":0,"name":"Shaded","section":"Shading Mode"},"sceneLighting":true,"audioPlay":false,"sceneViewState":{"showFog":true,"showMaterialUpdate":false,"showSkybox":true,"showFlares":true,"showImageEffects":true,"showParticleSystems":true},"in2DMode":false,"pivot":{"x":1.12239408493042,"y":1.401982307434082,"z":-2.5018529891967775},"rotation":{"x":-0.21967878937721253,"y":0.13905298709869386,"z":-0.03165074437856674,"w":-0.9650962352752686},"size":5.610149383544922,"orthographic":false}